ID,content,searched_at
3,apple,2024-05-01 18:32:16
2,banany,2024-04-22 22:50:39
4,horalky,2024-05-02 20:17:52
5,hell,2024-05-01 23:27:48
6,sdds,2024-05-02 18:03:46
7,sd,2024-05-02 18:49:14
8,as,2024-03-06 00:41:07
9,ssa,2024-05-02 17:42:48
10,sasa,2024-03-06 00:44:35
11,saas,2024-03-06 00:44:32
12,pukance,2024-04-05 14:28:42
13,rozok biely,2024-05-02 20:17:41
14,popcorn,2024-04-30 17:22:40
15,nieco,2024-04-23 00:04:04
16,chrumky,2024-05-02 18:41:39
17,Rozok biely,2024-04-18 19:08:39
18,dd,2024-05-02 17:47:15
19,ccxcx,2024-04-18 19:30:37
20,pomarance,2024-04-20 23:23:21
21,kiwi,2024-04-22 22:59:33
22,dssd,2024-04-26 23:50:42
23,dfdf,2024-04-23 00:02:32
24,weew,2024-04-23 00:03:16
25,33,2024-04-26 17:32:32
26,ds,2024-04-26 17:55:42
27,muka polohruba,2024-05-02 20:19:01
28,popradska zrnkova kava,2024-05-02 18:12:05
29,f,2024-05-01 18:42:54
30,fdd,2024-05-02 17:45:31
31,fdddf,2024-05-01 18:43:10
32,cxc,2024-05-01 18:44:29
33,ccx,2024-05-01 18:44:31
34,dsffddfdf fdfdfdfd fdf,2024-05-01 18:45:36
35, dfffd ddfdfdfdfdfdfdfdfdfdfdfdfdfdfdf,2024-05-01 18:45:41
36,dffd,2024-05-01 18:46:27
37,fd,2024-05-01 18:46:31
38,fddf,2024-05-01 18:46:36
39,sdds dsdds sdsdsdsdsdsdsd,2024-05-01 18:54:22
40,dsdsdssdsdsdsdsddssdsdsdsd,2024-05-01 18:54:27
41,dssdsdsd,2024-05-01 18:54:33
42,sdsdsdsdsdsd dsd,2024-05-01 18:54:36
43,d dd dd,2024-05-01 18:54:41
44,dd  dd ddd dddd ddd,2024-05-01 18:54:45
45,ruska zmrzlina,2024-05-01 22:40:06
46,d,2024-05-02 18:03:52
47,s,2024-05-02 17:51:44
48,gg,2024-05-02 17:47:21
49,c,2024-05-02 17:50:46
50,kofola original,2024-05-02 20:18:07
51,Slovakia chipsy solene,2024-05-02 19:32:43
52,popradska mleta kava,2024-05-02 20:18:41
53,Zemiakove lupienky,2024-05-02 20:09:00
54,zemiakove lupienky,2024-05-02 20:13:31
55,chipy zemiacky solene,2024-05-02 20:19:45
